;Cross-Validation Score (Mean);Acurácia;f1 score;precision score;recall score
Random Forest;0.9796052631578949;95.38;0.9722589167767504;0.9787234042553191;0.9658792650918635
Support Vector Machine;0.9825657894736842;96.04;0.9761273209549072;0.9865951742627346;0.9658792650918635
Logistic Regression;0.9736842105263157;95.16;0.9708222811671088;0.9812332439678284;0.9606299212598425
Decision Tree;0.95625;93.19;0.9590488771466315;0.9654255319148937;0.952755905511811
K-Nearest Neighbors;0.9720394736842106;94.07;0.9639519359145527;0.9809782608695652;0.94750656167979
Gradient Boosting;0.0;89.45;0.9346049046321526;0.9809782608695652;0.94750656167979
