;Cross-Validation Score (Mean);Acurácia;f1 score;precision score;recall score
Random Forest;0.9819456782147569;96.49;0.9789473684210527;0.9815303430079155;0.9763779527559056
Support Vector Machine;0.5803267921074591;95.39;0.9726918075422627;0.9639175257731959;0.9816272965879265
Logistic Regression;0.9661869767692266;96.49;0.9788359788359788;0.9866666666666667;0.9711286089238845
Decision Tree;0.9612710974723411;95.39;0.9725490196078431;0.96875;0.9763779527559056
K-Nearest Neighbors;0.97472125763816;94.3;0.9651474530831099;0.9863013698630136;0.9448818897637795
Gradient Boosting;0.0;90.79;0.9427792915531336;0.9863013698630136;0.9448818897637795
